{
    "eJzTNTQwMDQ0M7W0NDA0MAYAFHACwg==": {
        "shopping_window_list": [
            {
                "name": "Panna",
                "price": 2.0,
                "unit": "1.5L"
            },
            {
                "name": "Ferrarelle",
                "price": 3.0,
                "unit": "1.5L"
            },
            {
                "name": "Illy",
                "price": 4.0,
                "unit": "250g"
            },
            {
                "name": "Lavazza Crema e Gusto",
                "price": 5.0,
                "unit": "250g"
            },
            {
                "name": "La Trappe Isid'or",
                "price": 5.0,
                "unit": "0.33l"
            },
            {
                "name": "Krab",
                "price": 10.0,
                "unit": "0.33l"
            }
        ],
        "shopping_window_date": "15/05/2020COLLIGO11:31"
    }
}